name,firstName,lastName,slug,shortName,position,jerseyNumber,height,userCount,gender,sofascoreId,country,id,marketValueCurrency,dateOfBirthTimestamp,proposedMarketValueRaw,fieldTranslations,teamId,shirtNumber,jerseyNumber,position,substitute,totalPass,accuratePass,totalLongBalls,accurateLongBalls,goalAssist,accurateOwnHalfPasses,totalOwnHalfPasses,accurateOppositionHalfPasses,totalOppositionHalfPasses,duelWon,totalClearance,ballRecovery,unsuccessfulTouch,wasFouled,goodHighClaim,savedShotsFromInsideTheBox,saves,punches,totalKeeperSweeper,accurateKeeperSweeper,minutesPlayed,touches,rating,possessionLostCtrl,expectedAssists,totalBallCarriesDistance,ballCarriesCount,totalProgression,progressiveBallCarriesCount,keeperSaveValue,ratingVersions,totalShots,goalsPrevented,passValueNormalized,dribbleValueNormalized,defensiveValueNormalized,goalkeeperValueNormalized,statisticsType,totalCross,aerialLost,aerialWon,duelLost,totalContest,blockedScoringAttempt,outfielderBlock,interceptionWon,fouls,expectedGoals,topSpeed,kilometersCovered,numberOfSprints,shotValueNormalized,metersCoveredRunningKm,metersCoveredHighSpeedRunningKm,metersCoveredSprintingKm,bigChanceMissed,shotOffTarget,onTargetScoringAttempt,expectedGoalsOnTarget,challengeLost,totalTackle,bestBallCarryProgression,totalProgressiveBallCarriesDistance,dispossessed,wonContest,keyPass,accurateCross,bigChanceCreated,wonTackle,penaltyWon,goals,lastManTackle,errorLeadToAShot,penaltyFaced,penaltyConceded,totalOffside,teamName,captain,match_id,home_team,away_team,home_score,away_score,tournament,season,status,start_time
Jordan Pickford,Jordan,Pickford,jordan-pickford,J. Pickford,G,1,185,10888,M,jpickford1,"{'alpha2': 'EN', 'alpha3': 'ENG', 'name': 'England', 'slug': 'england'}",138530,EUR,762998400,"{'value': 13900000, 'currency': 'EUR'}","{'nameTranslation': {'ar': 'جوردان بيكفورد', 'bn': 'জর্ডান পিকফোর্ড', 'hi': 'जॉर्डन पिकफोर्ड', 'ru': 'Джордан Пикфорд'}, 'shortNameTranslation': {'ar': 'ج. بيكفورد', 'bn': 'জে.পিকফোর্ড', 'hi': 'जे. पिकफोर्ड', 'ru': 'Д. Пикфорд'}}",4713,1,1,G,False,55.0,43.0,19.0,7.0,0.0,39.0,40.0,4.0,15.0,1.0,3.0,12.0,1.0,1.0,2.0,1.0,3.0,2.0,2.0,2.0,90.0,72.0,6.1,13.0,0.00334615,161.47041190861,24.0,98.557321738584,0.0,0.2951,"{'original': 6.1, 'alternative': 7.2}",0,-1.4896,0.16,0.07,-0.18,-0.72,"{'sportSlug': 'football', 'statisticsType': 'player'}",,,,,,,,,,,,,,,,,,,,,,,,,,,,,,,,,,,,,,,England,,15186504,England,Croatia,4,2,"FIFA World Cup, Group L",World Cup 2026,Ended,1781726400
Reece James,Reece,James,reece-james,R. James,D,24,180,56689,M,ReeceJ,"{'alpha2': 'EN', 'alpha3': 'ENG', 'name': 'England', 'slug': 'england'}",885908,EUR,944611200,"{'value': 63000000, 'currency': 'EUR'}","{'nameTranslation': {'ar': 'ريس جيمس', 'bn': 'রিস জেমস', 'hi': 'रीस जेम्स', 'ru': 'Рис Джеймс'}, 'shortNameTranslation': {'ar': 'ر. جيمس', 'bn': 'আর. জেমস', 'hi': 'आर. जेम्स', 'ru': 'Р. Джеймс'}}",4713,24,24,D,False,43.0,36.0,3.0,,0.0,24.0,25.0,12.0,18.0,2.0,3.0,1.0,,,,,,,,,90.0,57.0,5.9,9.0,0.0107494,60.618942239872,11.0,12.138105425462,0.0,,"{'original': 5.9, 'alternative': 6.5}",1,,0.02,-0.35,-0.27,,"{'sportSlug': 'football', 'statisticsType': 'player'}",1.0,3.0,2.0,5.0,1.0,1.0,1.0,1.0,1.0,0.0398,29.87,9.41,5.0,0.01,1.34,0.34,0.07,,,,,,,,,,,,,,,,,,,,,,England,,15186504,England,Croatia,4,2,"FIFA World Cup, Group L",World Cup 2026,Ended,1781726400
Ezri Konsa,,,ezri-konsa,E. Konsa,D,4,183,6311,M,h24msc,"{'alpha2': 'EN', 'alpha3': 'ENG', 'name': 'England', 'slug': 'england'}",827679,EUR,877564800,"{'value': 42000000, 'currency': 'EUR'}","{'nameTranslation': {'ar': 'إزري كونسا', 'bn': 'ইজরি কনসা', 'hi': 'एज़री कोंसा', 'ru': 'Эзри Конса'}, 'shortNameTranslation': {'ar': 'إ. كونسا', 'bn': 'ই. কনসা', 'hi': 'ई. कोंसा', 'ru': 'Э. Конса'}}",4713,2,2,D,False,71.0,67.0,,,0.0,56.0,59.0,11.0,12.0,3.0,,3.0,1.0,2.0,,,,,,,90.0,79.0,6.2,5.0,0.00302171,127.52210552698,22.0,24.270803081262,0.0,,"{'original': 6.2, 'alternative': 6.4}",2,,0.08,0.06,-0.39,,"{'sportSlug': 'football', 'statisticsType': 'player'}",,4.0,1.0,5.0,,,,,1.0,0.6259,29.02,9.31,0.0,0.12,1.15,0.29,0.01,1.0,1.0,1.0,0.3357,,,,,,,,,,,,,,,,,,England,,15186504,England,Croatia,4,2,"FIFA World Cup, Group L",World Cup 2026,Ended,1781726400
John Stones,John,Stones,john-stones,J. Stones,D,,188,25491,M,johnstones5,"{'alpha2': 'EN', 'alpha3': 'ENG', 'name': 'England', 'slug': 'england'}",152077,EUR,770083200,"{'value': 10900000, 'currency': 'EUR'}","{'nameTranslation': {'ar': 'جون ستونز', 'bn': 'জন স্টোনস', 'hi': 'जॉन स्टोन्स', 'ru': 'Джон Стоунс'}, 'shortNameTranslation': {'ar': 'ج. ستونز', 'bn': 'জে. স্টোনস', 'hi': 'जे. स्टोन्स', 'ru': 'Д. Стоунс'}}",4713,5,5,D,False,65.0,62.0,4.0,2.0,0.0,50.0,51.0,12.0,14.0,4.0,1.0,5.0,,1.0,,,,,,,87.0,71.0,6.4,3.0,0.00595246,225.7767305416,25.0,82.524554390627,2.0,,"{'original': 6.4, 'alternative': 6.4}",0,,0.06,0.11,-0.36,,"{'sportSlug': 'football', 'statisticsType': 'player'}",,1.0,2.0,3.0,,,,,1.0,,27.57,8.57,3.0,,1.06,0.3,0.03,,,,,1.0,1.0,18.706941320469,38.325856210503,,,,,,,,,,,,,,England,,15186504,England,Croatia,4,2,"FIFA World Cup, Group L",World Cup 2026,Ended,1781726400
Nico O'Reilly,Nico,O’Reilly,nico-o-reilly,N. O’Reilly,D,33,193,34648,M,iwsxkt,"{'alpha2': 'EN', 'alpha3': 'ENG', 'name': 'England', 'slug': 'england'}",1142703,EUR,1111363200,"{'value': 76000000, 'currency': 'EUR'}","{'nameTranslation': {'ar': 'نيكو أوريلي', 'bn': ""নিকো ও'রেইলি"", 'hi': ""निको ओ'रेली"", 'ru': ""Нико О'Райли""}, 'shortNameTranslation': {'ar': 'ن. أوريلي', 'bn': ""এন. ও'রেইলি"", 'hi': ""एन. ओ'रेली"", 'ru': ""Н. О'Райли""}}",4713,3,3,D,False,43.0,36.0,2.0,1.0,0.0,24.0,25.0,12.0,18.0,5.0,1.0,1.0,2.0,1.0,,,,,,,90.0,64.0,6.3,10.0,0.062477,115.76787600732,14.0,41.649116293687,2.0,,"{'original': 6.3, 'alternative': 6.7}",2,,0.25,0.15,-0.42,,"{'sportSlug': 'football', 'statisticsType': 'player'}",,1.0,1.0,5.0,3.0,,,,1.0,0.1801,35.57,10.09,14.0,-0.44,1.26,0.37,0.18,1.0,1.0,1.0,0.0612,2.0,,18.741712868108,43.411381416375,1.0,3.0,2.0,,,,,,,,,,,England,,15186504,England,Croatia,4,2,"FIFA World Cup, Group L",World Cup 2026,Ended,1781726400
Elliot Anderson,,,elliot-anderson,E. Anderson,M,8,179,31987,M,n5za3f,"{'alpha2': 'EN', 'alpha3': 'ENG', 'name': 'England', 'slug': 'england'}",994546,EUR,1036540800,"{'value': 68000000, 'currency': 'EUR'}","{'nameTranslation': {'ar': 'إليوت أندرسون', 'bn': 'এলিয়ট অ্যান্ডারসন', 'hi': 'इलियट एंडरसन', 'ru': 'Эллиот Андерсон'}, 'shortNameTranslation': {'ar': 'إ. أندرسون', 'bn': 'ই. অ্যান্ডারসন', 'hi': 'ई. एंडरसन', 'ru': 'Э. Андерсон'}}",4713,8,8,M,False,55.0,47.0,3.0,2.0,1.0,31.0,34.0,16.0,21.0,6.0,2.0,8.0,1.0,2.0,,,,,,,90.0,70.0,7.0,9.0,0.0183283,166.94958062899,22.0,59.76010139346,1.0,,"{'original': 7, 'alternative': 7.4}",1,,0.27,0.22,-0.01,,"{'sportSlug': 'football', 'statisticsType': 'player'}",1.0,2.0,2.0,5.0,,1.0,,4.0,3.0,0.0429,27.99,11.07,7.0,0.0,1.96,0.39,0.07,,,,,,2.0,7.1631591074933,11.137475656539,,,1.0,1.0,1.0,1.0,,,,,,,,England,,15186504,England,Croatia,4,2,"FIFA World Cup, Group L",World Cup 2026,Ended,1781726400
Declan Rice,Declan,Rice,declan-rice,D. Rice,M,41,188,81202,M,DeclanRice,"{'alpha2': 'EN', 'alpha3': 'ENG', 'name': 'England', 'slug': 'england'}",856714,EUR,916272000,"{'value': 114000000, 'currency': 'EUR'}","{'nameTranslation': {'ar': 'ديكلان رايس', 'bn': 'ডেক্লান রাইস', 'hi': 'डेक्लान राइस', 'ru': 'Деклан Райс'}, 'shortNameTranslation': {'ar': 'د. رايس', 'bn': 'ডি. রাইস', 'hi': 'डी. राइस', 'ru': 'Д. Райс'}}",4713,4,4,M,False,37.0,32.0,1.0,,1.0,20.0,20.0,12.0,17.0,2.0,,4.0,,,,,,,,,72.0,52.0,6.9,11.0,0.221743,141.87315731375,13.0,67.514572413314,2.0,,"{'original': 6.9, 'alternative': 7.5}",1,,0.37,0.23,-0.09,,"{'sportSlug': 'football', 'statisticsType': 'player'}",9.0,,1.0,2.0,1.0,,,,1.0,0.0418,30.61,8.02,12.0,-0.23,1.22,0.37,0.15,,,1.0,0.0934,,,23.760017586166,41.009365560511,1.0,1.0,4.0,4.0,1.0,,,,,,,,,England,,15186504,England,Croatia,4,2,"FIFA World Cup, Group L",World Cup 2026,Ended,1781726400
Noni Madueke,,,noni-madueke,N. Madueke,F,20,182,45876,M,nonzinoo10,"{'alpha2': 'EN', 'alpha3': 'ENG', 'name': 'England', 'slug': 'england'}",966547,EUR,1015718400,"{'value': 54000000, 'currency': 'EUR'}","{'nameTranslation': {'ar': 'نوني مادويكي', 'bn': 'ননি মাদুকে', 'hi': 'नोनी मदुके', 'ru': 'Нони Мадуэке'}, 'shortNameTranslation': {'ar': 'ن. مادويكي', 'bn': 'এন. মাদুকে', 'hi': 'एन. मदुके', 'ru': 'Н. Мадуэке'}}",4713,20,20,M,False,18.0,17.0,1.0,1.0,0.0,6.0,6.0,11.0,12.0,2.0,,1.0,1.0,1.0,,,,,,,72.0,26.0,7.5,2.0,0.41016,105.11308067192,9.0,74.560082615071,3.0,,"{'original': 7.5, 'alternative': 7.7}",1,,0.45,0.34,-0.15,,"{'sportSlug': 'football', 'statisticsType': 'player'}",1.0,1.0,,2.0,1.0,1.0,,1.0,,0.0795,35.49,7.28,13.0,0.0,1.01,0.37,0.3,,,,,1.0,,20.455846561088,53.663320950277,,1.0,2.0,1.0,1.0,,1.0,,,,,,,England,,15186504,England,Croatia,4,2,"FIFA World Cup, Group L",World Cup 2026,Ended,1781726400
Jude Bellingham,,,jude-bellingham,J. Bellingham,M,5,188,1345495,M,JudeBell,"{'alpha2': 'EN', 'alpha3': 'ENG', 'name': 'England', 'slug': 'england'}",991011,EUR,1056844800,"{'value': 123000000, 'currency': 'EUR'}","{'nameTranslation': {'ar': 'جود بيلينغهام', 'bn': 'জুড বেলিংহাম', 'hi': 'जूड बेलिंघम', 'ru': 'Джуд Беллингем'}, 'shortNameTranslation': {'ar': 'ج. بيلينغهام', 'bn': 'জে. বেলিংহাম', 'hi': 'जे. बेलिंघम', 'ru': 'Д. Беллингем'}}",4713,10,10,M,False,24.0,18.0,1.0,,0.0,13.0,16.0,5.0,8.0,5.0,1.0,5.0,2.0,1.0,,,,,,,80.0,41.0,7.7,10.0,0.00245714,80.496676573015,10.0,15.209303902385,2.0,,"{'original': 7.7, 'alternative': 7.7}",3,,-0.01,0.36,-0.04,,"{'sportSlug': 'football', 'statisticsType': 'player'}",1.0,1.0,,2.0,1.0,,,1.0,,0.4822,31.05,8.66,14.0,0.42,1.36,0.68,0.29,1.0,1.0,2.0,0.7509,,3.0,17.882039145177,28.223258548008,1.0,1.0,1.0,,,3.0,,1.0,,,,,,England,,15186504,England,Croatia,4,2,"FIFA World Cup, Group L",World Cup 2026,Ended,1781726400
Anthony Gordon,Anthony,Gordon,anthony-gordon,A. Gordon,F,10,183,92798,M,AGordon,"{'alpha2': 'EN', 'alpha3': 'ENG', 'name': 'England', 'slug': 'england'}",914902,EUR,982972800,"{'value': 67000000, 'currency': 'EUR'}","{'nameTranslation': {'ar': 'أنتوني غوردون', 'bn': 'গর্ডন, অ্যান্টনি', 'hi': 'गॉर्डन, एंथनी', 'ru': 'Энтони Гордон'}, 'shortNameTranslation': {'ar': 'أ. غوردون', 'bn': 'এ. গর্ডন', 'hi': 'ए. गॉर्डन', 'ru': 'Э. Гордон'}}",4713,18,18,M,False,11.0,9.0,1.0,,0.0,4.0,4.0,5.0,7.0,,,,,,,,,,,,72.0,17.0,6.3,4.0,0.0131514,35.973220819704,6.0,-7.3077637599327,0.0,,"{'original': 6.3, 'alternative': 6.1}",2,,0.03,-0.52,-0.12,,"{'sportSlug': 'football', 'statisticsType': 'player'}",,,,2.0,2.0,1.0,,,,0.2662,35.33,7.39,19.0,0.11,1.03,0.56,0.29,1.0,,1.0,0.3149,,,,,,,,,,,,,,,,,,England,,15186504,England,Croatia,4,2,"FIFA World Cup, Group L",World Cup 2026,Ended,1781726400
Harry Kane,Harry,Kane,harry-kane,H. Kane,F,9,188,437143,M,HurriKane,"{'alpha2': 'EN', 'alpha3': 'ENG', 'name': 'England', 'slug': 'england'}",108579,EUR,743817600,"{'value': 65000000, 'currency': 'EUR'}","{'nameTranslation': {'ar': 'هاري كين', 'bn': 'হ্যারি কেইন', 'hi': 'हैरी केन', 'ru': 'Гарри Кейн'}, 'shortNameTranslation': {'ar': 'ه. كين', 'bn': 'এইচ. কেইন', 'hi': 'एच. केन', 'ru': 'Г. Кейн'}}",4713,9,9,F,False,21.0,14.0,3.0,1.0,0.0,6.0,9.0,8.0,12.0,4.0,1.0,1.0,1.0,1.0,,,,,,,90.0,35.0,8.3,9.0,0.0369161,54.857258117198,5.0,28.630682124178,1.0,,"{'original': 8.3, 'alternative': 9}",7,,0.04,0.08,0.29,,"{'sportSlug': 'football', 'statisticsType': 'player'}",,2.0,2.0,5.0,,1.0,1.0,,2.0,1.0252,28.54,10.85,10.0,0.64,1.73,0.5,0.14,,3.0,3.0,0.8987,,1.0,29.004439616401,34.65020265453,1.0,,2.0,,,1.0,,2.0,,,,,,England,True,15186504,England,Croatia,4,2,"FIFA World Cup, Group L",World Cup 2026,Ended,1781726400
Morgan Rogers,,,morgan-rogers,M. Rogers,M,27,187,28126,M,mrogers,"{'alpha2': 'EN', 'alpha3': 'ENG', 'name': 'England', 'slug': 'england'}",948261,EUR,1027641600,"{'value': 86000000, 'currency': 'EUR'}","{'nameTranslation': {'ar': 'مورغان روجرز', 'bn': 'মরগান রজার্স', 'hi': 'मॉर्गन रोजर्स', 'ru': 'Морган Роджерс'}, 'shortNameTranslation': {'ar': 'م. روجرز', 'bn': 'এম. রজার্স', 'hi': 'एम. रोजर्स', 'ru': 'М. Роджерс'}}",4713,17,17,M,True,7.0,5.0,,,0.0,1.0,1.0,4.0,6.0,3.0,1.0,2.0,,1.0,,,,,,,18.0,11.0,7.3,3.0,0.298595,50.716528847203,4.0,41.199603476291,1.0,,"{'original': 7.3, 'alternative': 7.3}",0,,0.38,0.13,0.15,,"{'sportSlug': 'football', 'statisticsType': 'player'}",,,1.0,1.0,1.0,,,,,,30.19,3.12,6.0,,0.62,0.15,0.1,,,,,,1.0,26.799342447463,34.482655118189,,,2.0,,1.0,1.0,,,,,,,,England,,15186504,England,Croatia,4,2,"FIFA World Cup, Group L",World Cup 2026,Ended,1781726400
Bukayo Saka,Bukayo,Saka,bukayo-saka,B. Saka,F,7,178,212806,M,BSaka7,"{'alpha2': 'EN', 'alpha3': 'ENG', 'name': 'England', 'slug': 'england'}",934235,EUR,999648000,"{'value': 115000000, 'currency': 'EUR'}","{'nameTranslation': {'ar': 'بوكايو ساكا', 'bn': 'বুকায়ো সাকা', 'hi': 'बुकायो साका', 'ru': 'Букайо Сака'}, 'shortNameTranslation': {'ar': 'ب. ساكا', 'bn': 'বি. সাকা', 'hi': 'बी. साका', 'ru': 'Б. Сака'}}",4713,7,7,F,True,6.0,5.0,,,1.0,1.0,1.0,4.0,5.0,2.0,2.0,1.0,1.0,1.0,,,,,,,18.0,12.0,7.0,2.0,0.0122777,27.630776630873,3.0,21.903894395782,1.0,,"{'original': 7, 'alternative': 7.2}",0,,0.27,0.09,0.18,,"{'sportSlug': 'football', 'statisticsType': 'player'}",,,,,1.0,,,,,,31.68,2.83,6.0,,0.39,0.2,0.08,,,,,,,8.4301632694482,9.0890242050508,,1.0,1.0,,,,,,,,,,,England,,15186504,England,Croatia,4,2,"FIFA World Cup, Group L",World Cup 2026,Ended,1781726400
Marcus Rashford,Marcus,Rashford,marcus-rashford,M. Rashford,F,10,188,397482,M,Rashford,"{'alpha2': 'EN', 'alpha3': 'ENG', 'name': 'England', 'slug': 'england'}",814590,EUR,878256000,"{'value': 38000000, 'currency': 'EUR'}","{'nameTranslation': {'ar': 'ماركوس راشفورد', 'bn': 'মার্কাস রাশফোর্ড', 'hi': 'मार्कस रैशफोर्ड', 'ru': 'Маркус Рашфорд'}, 'shortNameTranslation': {'ar': 'م. راشفورد', 'bn': 'এম. রাশফোর্ড', 'hi': 'एम. रैशफोर्ड', 'ru': 'М. Рашфорд'}}",4713,11,11,F,True,5.0,3.0,1.0,,0.0,1.0,2.0,2.0,3.0,,1.0,2.0,1.0,,,,,,,,18.0,12.0,7.4,6.0,0.00154002,74.674586118589,6.0,40.677470605087,4.0,,"{'original': 7.4, 'alternative': 6.8}",1,,-0.03,0.33,-0.02,,"{'sportSlug': 'football', 'statisticsType': 'player'}",,1.0,,5.0,3.0,,,,,0.0573,31.18,2.8,9.0,0.49,0.37,0.15,0.15,,,1.0,0.5027,1.0,,23.562073552493,59.300952433253,,,,,,,,1.0,,,,,,England,,15186504,England,Croatia,4,2,"FIFA World Cup, Group L",World Cup 2026,Ended,1781726400
Djed Spence,,,djed-spence,D. Spence,D,24,184,14717,M,fpquam,"{'alpha2': 'EN', 'alpha3': 'ENG', 'name': 'England', 'slug': 'england'}",945798,EUR,965779200,"{'value': 31000000, 'currency': 'EUR'}","{'nameTranslation': {'ar': 'دجيد سبينس', 'bn': 'জেড. স্পেন্স', 'hi': 'जेड स्पेंस', 'ru': 'Джед Спенс'}, 'shortNameTranslation': {'ar': 'د. سبينس', 'bn': 'ডি. স্পেন্স', 'hi': 'डी. स्पेंस', 'ru': 'Д. Спенс'}}",4713,25,25,D,True,6.0,5.0,1.0,,0.0,4.0,4.0,1.0,2.0,1.0,,,1.0,,,,,,,,10.0,11.0,6.6,3.0,0.00024955,8.2711810523044,1.0,6.8210983370934,0.0,,"{'original': 6.6, 'alternative': 6.6}",1,,-0.01,0.02,0.17,,"{'sportSlug': 'football', 'statisticsType': 'player'}",,,,,,,,,,0.5401,34.95,1.82,6.0,-0.52,0.26,0.09,0.11,1.0,,1.0,0.3693,,1.0,,,,,,,,1.0,,,,,,,,England,,15186504,England,Croatia,4,2,"FIFA World Cup, Group L",World Cup 2026,Ended,1781726400
Marc Guéhi,Marc,Guehi,marc-guehi,M. Guéhi,D,15,182,30377,M,MarcGuehi13,"{'alpha2': 'EN', 'alpha3': 'ENG', 'name': 'England', 'slug': 'england'}",877994,EUR,963446400,"{'value': 66000000, 'currency': 'EUR'}","{'nameTranslation': {'ar': 'مارك غيهي', 'bn': 'মার্ক গুয়েহি', 'hi': 'मार्क गुएही', 'ru': 'Марк Гехи'}, 'shortNameTranslation': {'ar': 'م. غيهي', 'bn': 'এম. গুয়েহি', 'hi': 'एम. गुएही', 'ru': 'М. Гехи'}}",4713,6,6,D,True,7.0,7.0,1.0,1.0,0.0,7.0,7.0,,,,,1.0,,,,,,,,,10.0,7.0,6.7,,0.00012106,14.374512133133,3.0,0.40314621837852,0.0,,"{'original': 6.7, 'alternative': 6.6}",0,,0.02,0.01,0.13,,"{'sportSlug': 'football', 'statisticsType': 'player'}",,,,,,,,,,,21.43,0.97,0.0,,0.11,0.01,0.0,,,,,,,,,,,,,,,,,,,,,,England,,15186504,England,Croatia,4,2,"FIFA World Cup, Group L",World Cup 2026,Ended,1781726400
Dean Henderson,Dean,Henderson,dean-henderson,D. Henderson,G,1,188,6921,M,deanhenderson,"{'alpha2': 'EN', 'alpha3': 'ENG', 'name': 'England', 'slug': 'england'}",788134,EUR,858124800,"{'value': 29000000, 'currency': 'EUR'}","{'nameTranslation': {'ar': 'دين هندرسون', 'bn': 'ডিন হেন্ডারসন', 'hi': 'डीन हेंडरसन', 'ru': 'Дин Хендерсон'}, 'shortNameTranslation': {'ar': 'د. هندرسون', 'bn': 'ডি. হেন্ডারসন', 'hi': 'डी. हेंडरसन', 'ru': 'Д. Хендерсон'}}",4713,13,13,G,True,,,,,,,,,,,,,,,,,,,,,,,,,,,,,,,,0,,,,,,"{'sportSlug': 'football', 'statisticsType': 'player'}",,,,,,,,,,,,,,,,,,,,,,,,,,,,,,,,,,,,,,,England,,15186504,England,Croatia,4,2,"FIFA World Cup, Group L",World Cup 2026,Ended,1781726400
James Trafford,James,Trafford,james-trafford,J. Trafford,G,1,197,25591,M,jvvwqy,"{'alpha2': 'EN', 'alpha3': 'ENG', 'name': 'England', 'slug': 'england'}",980643,EUR,1034208000,"{'value': 27000000, 'currency': 'EUR'}","{'nameTranslation': {'ar': 'جيمس ترافورد', 'bn': 'জেমস ট্র্যাফোর্ড', 'hi': 'जेम्स ट्रैफोर्ड', 'ru': 'Джеймс Траффорд'}, 'shortNameTranslation': {'ar': 'ج. ترافورد', 'bn': 'জে. ট্র্যাফোর্ড', 'hi': 'जे. ट्रैफोर्ड', 'ru': 'Д. Траффорд'}}",4713,23,23,G,True,,,,,,,,,,,,,,,,,,,,,,,,,,,,,,,,0,,,,,,"{'sportSlug': 'football', 'statisticsType': 'player'}",,,,,,,,,,,,,,,,,,,,,,,,,,,,,,,,,,,,,,,England,,15186504,England,Croatia,4,2,"FIFA World Cup, Group L",World Cup 2026,Ended,1781726400
Dan Burn,,,dan-burn,D. Burn,D,33,201,5806,M,nd9d6x,"{'alpha2': 'EN', 'alpha3': 'ENG', 'name': 'England', 'slug': 'england'}",99090,EUR,705369600,"{'value': 4099999, 'currency': 'EUR'}","{'nameTranslation': {'ar': 'دان بيرن', 'bn': 'ড্যান বার্ন', 'hi': 'डैन बर्न', 'ru': 'Дэн Берн'}, 'shortNameTranslation': {'ar': 'د. بيرن', 'bn': 'ডি বার্ন', 'hi': 'डी. बर्न', 'ru': 'Д. Берн'}}",4713,15,15,D,True,,,,,,,,,,,,,,,,,,,,,,,,,,,,,,,,0,,,,,,"{'sportSlug': 'football', 'statisticsType': 'player'}",,,,,,,,,,,,,,,,,,,,,,,,,,,,,,,,,,,,,,,England,,15186504,England,Croatia,4,2,"FIFA World Cup, Group L",World Cup 2026,Ended,1781726400
Jarell Quansah,,,jarell-quansah,J. Quansah,D,4,190,15029,M,jarellquansah,"{'alpha2': 'EN', 'alpha3': 'ENG', 'name': 'England', 'slug': 'england'}",1003339,EUR,1043798400,"{'value': 48000000, 'currency': 'EUR'}","{'nameTranslation': {'ar': 'جاريل كوانسا', 'bn': 'জারেল কোয়ানসাহ', 'hi': 'जेरेल क्वांसाह', 'ru': 'Джарелл Куанса'}, 'shortNameTranslation': {'ar': 'ج. كوانسا', 'bn': 'জে. কোয়ানসাহ', 'hi': 'जे. क्वांसाह', 'ru': 'Д. Куанса'}}",4713,26,26,D,True,,,,,,,,,,,,,,,,,,,,,,,,,,,,,,,,0,,,,,,"{'sportSlug': 'football', 'statisticsType': 'player'}",,,,,,,,,,,,,,,,,,,,,,,,,,,,,,,,,,,,,,,England,,15186504,England,Croatia,4,2,"FIFA World Cup, Group L",World Cup 2026,Ended,1781726400
Eberechi Eze,Eberechi,Eze,eberechi-eze,E. Eze,M,10,178,67003,M,eze,"{'alpha2': 'EN', 'alpha3': 'ENG', 'name': 'England', 'slug': 'england'}",864921,EUR,899078400,"{'value': 69000000, 'currency': 'EUR'}","{'nameTranslation': {'ar': 'إيبيريشي إيزي', 'bn': 'ইবেরেচি এজ', 'hi': 'एबेरची ईज़े', 'ru': 'Эберечи Эзе'}, 'shortNameTranslation': {'ar': 'إ. إيزي', 'bn': 'ই. এজ', 'hi': 'ई. ईज़े', 'ru': 'Э. Эзе'}}",4713,21,21,M,True,,,,,,,,,,,,,,,,,,,,,,,,,,,,,,,,0,,,,,,"{'sportSlug': 'football', 'statisticsType': 'player'}",,,,,,,,,,,,,,,,,,,,,,,,,,,,,,,,,,,,,,,England,,15186504,England,Croatia,4,2,"FIFA World Cup, Group L",World Cup 2026,Ended,1781726400
Jordan Henderson,,,jordan-henderson,J. Henderson,M,6,183,7633,M,jordanhenderson,"{'alpha2': 'EN', 'alpha3': 'ENG', 'name': 'England', 'slug': 'england'}",42694,EUR,645580800,"{'value': 1300000, 'currency': 'EUR'}","{'nameTranslation': {'ar': 'جوردان هندرسون', 'bn': 'জর্ডান হেন্ডারসন', 'hi': 'जॉर्डन हेंडरसन', 'ru': 'Джордан Хендерсон'}, 'shortNameTranslation': {'ar': 'ج. هندرسون', 'bn': 'জে. হেন্ডারসন', 'hi': 'जे. हेंडरसन', 'ru': 'Д. Хендерсон'}}",4713,14,14,M,True,,,,,,,,,,,,,,,,,,,,,,,,,,,,,,,,0,,,,,,"{'sportSlug': 'football', 'statisticsType': 'player'}",,,,,,,,,,,,,,,,,,,,,,,,,,,,,,,,,,,,,,,England,,15186504,England,Croatia,4,2,"FIFA World Cup, Group L",World Cup 2026,Ended,1781726400
Kobbie Mainoo,Kobbie,Mainoo,kobbie-mainoo,K. Mainoo,M,37,184,61417,M,KobbieM,"{'alpha2': 'EN', 'alpha3': 'ENG', 'name': 'England', 'slug': 'england'}",1142175,EUR,1113868800,"{'value': 72000000, 'currency': 'EUR'}","{'nameTranslation': {'ar': 'كوبي ماينو', 'bn': 'কোবি মাইনু', 'hi': 'कोबी मैनू', 'ru': 'Кобби Мэйну'}, 'shortNameTranslation': {'ar': 'ك. ماينو', 'bn': 'কে. মাইনু', 'hi': 'के. मैनू', 'ru': 'К. Мэйну'}}",4713,16,16,M,True,,,,,,,,,,,,,,,,,,,,,,,,,,,,,,,,0,,,,,,"{'sportSlug': 'football', 'statisticsType': 'player'}",,,,,,,,,,,,,,,,,,,,,,,,,,,,,,,,,,,,,,,England,,15186504,England,Croatia,4,2,"FIFA World Cup, Group L",World Cup 2026,Ended,1781726400
Ivan Toney,Ivan,Toney,ivan-toney,I. Toney,F,17,185,16932,M,ivantoney,"{'alpha2': 'EN', 'alpha3': 'ENG', 'name': 'England', 'slug': 'england'}",290927,EUR,826934400,"{'value': 22000000, 'currency': 'EUR'}","{'nameTranslation': {'ar': 'إيفان توني', 'bn': 'ইভান টোনি', 'hi': 'इवान टोनी', 'ru': 'Иван Тони'}, 'shortNameTranslation': {'ar': 'إ. توني', 'bn': 'আই. টনি', 'hi': 'आई. टोनी', 'ru': 'И. Тони'}}",4713,22,22,F,True,,,,,,,,,,,,,,,,,,,,,,,,,,,,,,,,0,,,,,,"{'sportSlug': 'football', 'statisticsType': 'player'}",,,,,,,,,,,,,,,,,,,,,,,,,,,,,,,,,,,,,,,England,,15186504,England,Croatia,4,2,"FIFA World Cup, Group L",World Cup 2026,Ended,1781726400
Ollie Watkins,Ollie,Watkins,ollie-watkins,O. Watkins,F,11,179,23984,M,OllieWatkins,"{'alpha2': 'EN', 'alpha3': 'ENG', 'name': 'England', 'slug': 'england'}",555386,EUR,820281600,"{'value': 26000000, 'currency': 'EUR'}","{'nameTranslation': {'ar': 'أولي واتكينز', 'bn': 'অলি ওয়াটকিন্স', 'hi': 'ओली वॉटकिंस', 'ru': 'Олли Уоткинс'}, 'shortNameTranslation': {'ar': 'أ. واتكينز', 'bn': 'ও. ওয়াটকিন্স', 'hi': 'ओ. वॉटकिंस', 'ru': 'О. Уоткинс'}}",4713,19,19,F,True,,,,,,,,,,,,,,,,,,,,,,,,,,,,,,,,0,,,,,,"{'sportSlug': 'football', 'statisticsType': 'player'}",,,,,,,,,,,,,,,,,,,,,,,,,,,,,,,,,,,,,,,England,,15186504,England,Croatia,4,2,"FIFA World Cup, Group L",World Cup 2026,Ended,1781726400
Dominik Livaković,,,dominik-livakovic,D. Livaković,G,40,186,15200,M,Livakovic40,"{'alpha2': 'HR', 'alpha3': 'HRV', 'name': 'Croatia', 'slug': 'croatia'}",190419,EUR,789609600,"{'value': 4099999, 'currency': 'EUR'}","{'nameTranslation': {'ar': 'دومينيك ليفاكوفيتش', 'bn': 'ডমিনিক লিভাকোভিচ', 'hi': 'डोमिनिक लिवाकोविच', 'ru': 'Доминик Ливакович'}, 'shortNameTranslation': {'ar': 'د. ليفاكوفيتش', 'bn': 'ডি. লিভাকোভিচ', 'hi': 'डी. लिवाकोविच', 'ru': 'Д. Ливакович'}}",4715,1,1,G,False,35.0,24.0,20.0,9.0,0.0,16.0,20.0,8.0,15.0,2.0,1.0,4.0,,,,7.0,7.0,1.0,1.0,,90.0,49.0,7.6,11.0,0.00183385,74.401002081939,11.0,18.80631208728,0.0,1.1542,"{'original': 7.6, 'alternative': 7.9}",0,-0.6732,0.13,-0.02,-0.23,0.51,"{'sportSlug': 'football', 'statisticsType': 'player'}",,,1.0,,,,,,,,,,,,,,,,,,,,1.0,,,,,,,,1.0,,,1.0,1.0,1.0,,,Croatia,,15186504,England,Croatia,4,2,"FIFA World Cup, Group L",World Cup 2026,Ended,1781726400
Josip Šutalo,,,josip-sutalo,J. Šutalo,D,37,190,4929,M,josip.sutalo,"{'alpha2': 'HR', 'alpha3': 'HRV', 'name': 'Croatia', 'slug': 'croatia'}",954836,EUR,951696000,"{'value': 13100000, 'currency': 'EUR'}","{'nameTranslation': {'ar': 'يوسيب شوتالو', 'bn': 'জোসিপ সুতালো', 'hi': 'जोसिप शुटालो', 'ru': 'Йосип Шутало'}, 'shortNameTranslation': {'ar': 'ي. شوتالو', 'bn': 'জে. সুতালো', 'hi': 'जे. शुटालो', 'ru': 'Й. Шутало'}}",4715,6,6,D,False,70.0,63.0,6.0,1.0,0.0,51.0,53.0,12.0,17.0,5.0,4.0,3.0,,,,,,,,,90.0,82.0,6.0,9.0,0.00826241,153.95482770731,25.0,33.840136458618,0.0,,"{'original': 6, 'alternative': 6.5}",1,,0.08,0.08,-0.63,,"{'sportSlug': 'football', 'statisticsType': 'player'}",,,4.0,1.0,1.0,,,2.0,,0.1663,29.12,9.27,11.0,-0.29,0.98,0.32,0.21,,1.0,,,1.0,,,,,1.0,,,,,,,,,,,,Croatia,,15186504,England,Croatia,4,2,"FIFA World Cup, Group L",World Cup 2026,Ended,1781726400
Luka Vušković,,,luka-vuskovic,L. Vušković,D,16,193,17829,M,lukavuskovic,"{'alpha2': 'HR', 'alpha3': 'HRV', 'name': 'Croatia', 'slug': 'croatia'}",1405212,EUR,1172275200,"{'value': 64000000, 'currency': 'EUR'}","{'nameTranslation': {'ar': 'لوكا فوشكوفيتش', 'bn': 'লুকা ভুসকোভিচ', 'hi': 'लुका वुस्कोविक', 'ru': 'Лука Вушкович'}, 'shortNameTranslation': {'ar': 'ل. فوشكوفيتش', 'bn': 'এল. ভুসকোভিচ', 'hi': 'एल. वुस्कोविक', 'ru': 'Л. Вушкович'}}",4715,22,22,D,False,42.0,37.0,3.0,,0.0,26.0,28.0,11.0,14.0,2.0,5.0,6.0,,1.0,,,,,,,66.0,53.0,6.1,6.0,0.0138322,154.86987777067,23.0,22.541106991224,1.0,,"{'original': 6.1, 'alternative': 6.4}",0,,0.01,0.21,-0.39,,"{'sportSlug': 'football', 'statisticsType': 'player'}",,,,2.0,2.0,,1.0,1.0,1.0,,29.68,6.44,8.0,,0.74,0.34,0.13,,,,,,,9.0712257915691,9.1352530889954,,1.0,,,,,,,,,,,,Croatia,,15186504,England,Croatia,4,2,"FIFA World Cup, Group L",World Cup 2026,Ended,1781726400
Joško Gvardiol,Josko,Gvardiol,josko-gvardiol,J. Gvardiol,D,24,186,57413,M,JGvardiol,"{'alpha2': 'HR', 'alpha3': 'HRV', 'name': 'Croatia', 'slug': 'croatia'}",964994,EUR,1011744000,"{'value': 64000000, 'currency': 'EUR'}","{'nameTranslation': {'ar': 'يوشكو غفارديول', 'bn': 'জোসকো গোওয়ারদিওল', 'hi': 'जोस्को ग्वार्डिओल', 'ru': 'Йошко Гвардиол'}, 'shortNameTranslation': {'ar': 'ي. غفارديول', 'bn': 'জে. গোওয়ারদিওল', 'hi': 'जे. ग्वार्डिओल', 'ru': 'Й. Гвардиол'}}",4715,4,4,D,False,47.0,43.0,3.0,1.0,0.0,25.0,26.0,18.0,21.0,2.0,1.0,4.0,1.0,,,,,,,,90.0,58.0,5.7,8.0,0.0124467,233.34118898299,24.0,104.56163995712,1.0,,"{'original': 5.7, 'alternative': 5.9}",1,,0.1,0.09,-0.76,,"{'sportSlug': 'football', 'statisticsType': 'player'}",,,1.0,2.0,1.0,1.0,,,,0.2033,34.21,10.16,14.0,0.0,1.77,0.5,0.29,1.0,,,,1.0,1.0,19.595410654622,23.049620409022,,,,,,1.0,,,,,,,,Croatia,,15186504,England,Croatia,4,2,"FIFA World Cup, Group L",World Cup 2026,Ended,1781726400
Josip Stanišić,,,josip-stanisic,J. Stanišić,D,44,186,12517,M,josip_stanisic,"{'alpha2': 'HR', 'alpha3': 'HRV', 'name': 'Croatia', 'slug': 'croatia'}",927407,EUR,954633600,"{'value': 39000000, 'currency': 'EUR'}","{'nameTranslation': {'ar': 'يوسيب ستانيشيتش', 'bn': 'জোসিপ স্ট্যানিসিচ', 'hi': 'जोसिप स्टैनिसिक', 'ru': 'Йосип Станишић'}, 'shortNameTranslation': {'ar': 'ي. ستانيشيتش', 'bn': 'জে. স্ট্যানিসিচ', 'hi': 'जे. स्टैनिसिक', 'ru': 'Й. Станишић'}}",4715,2,2,M,False,34.0,30.0,2.0,1.0,0.0,19.0,21.0,11.0,13.0,4.0,1.0,6.0,1.0,1.0,,,,,,,90.0,54.0,6.7,5.0,0.03243,93.643626829161,14.0,-13.5549920699,1.0,,"{'original': 6.7, 'alternative': 6.9}",0,,-0.05,0.02,-0.13,,"{'sportSlug': 'football', 'statisticsType': 'player'}",1.0,1.0,,2.0,1.0,,1.0,1.0,,,35.9,10.34,18.0,,1.45,0.6,0.28,,,,,1.0,2.0,13.538689116966,16.282423928887,,1.0,1.0,1.0,,1.0,,,,,,,,Croatia,,15186504,England,Croatia,4,2,"FIFA World Cup, Group L",World Cup 2026,Ended,1781726400
Luka Modrić,,,luka-modric,L. Modrić,M,,173,366566,M,LModric10,"{'alpha2': 'HR', 'alpha3': 'HRV', 'name': 'Croatia', 'slug': 'croatia'}",15466,EUR,495072000,"{'value': 3800000, 'currency': 'EUR'}","{'nameTranslation': {'ar': 'لوكا مودريتش', 'bn': 'লুকা মডরিচ', 'hi': 'लुका मोड्रिक', 'ru': 'Лука Модрич'}, 'shortNameTranslation': {'ar': 'ل. مودريتش', 'bn': 'এল. মডরিচ', 'hi': 'एल. मोड्रिक', 'ru': 'Л. Модрич'}}",4715,10,10,M,False,27.0,27.0,1.0,1.0,0.0,13.0,13.0,14.0,14.0,1.0,,1.0,1.0,1.0,,,,,,,58.0,33.0,6.0,2.0,0.00648484,93.135728805724,12.0,25.591102898851,0.0,,"{'original': 6, 'alternative': 6.3}",0,,0.06,0.05,-0.45,,"{'sportSlug': 'football', 'statisticsType': 'player'}",1.0,,,1.0,,,2.0,1.0,1.0,,31.2,6.02,11.0,,0.84,0.34,0.2,,,,,,,,,,,,,,,,,,,,1.0,,Croatia,True,15186504,England,Croatia,4,2,"FIFA World Cup, Group L",World Cup 2026,Ended,1781726400
Mario Pašalić,,,mario-pasalic,M. Pašalić,M,8,189,8128,M,pasalicmario,"{'alpha2': 'HR', 'alpha3': 'HRV', 'name': 'Croatia', 'slug': 'croatia'}",190437,EUR,792288000,"{'value': 6200000, 'currency': 'EUR'}","{'nameTranslation': {'ar': 'ماريو باشاليتش', 'bn': 'মারিও পাশালিচ', 'hi': 'मारियो पासालिक', 'ru': 'Марио Пашалич'}, 'shortNameTranslation': {'ar': 'م. باشاليتش', 'bn': 'এম. পাশালিচ', 'hi': 'एम. पासालिक', 'ru': 'М. Пашалич'}}",4715,15,15,M,False,22.0,21.0,1.0,1.0,0.0,11.0,11.0,10.0,11.0,1.0,1.0,2.0,,,,,,,,,78.0,28.0,6.8,2.0,0.419507,79.827646737108,10.0,11.791130175291,0.0,,"{'original': 6.8, 'alternative': 6.9}",1,,0.14,0.02,0.47,,"{'sportSlug': 'football', 'statisticsType': 'player'}",,,,2.0,,,1.0,,1.0,0.0182,,,,-0.11,,,,,1.0,,,1.0,1.0,,,,,1.0,,,1.0,,,1.0,,,,,Croatia,,15186504,England,Croatia,4,2,"FIFA World Cup, Group L",World Cup 2026,Ended,1781726400
Ivan Perišić,,,ivan-perisic,I. Perišić,M,5,187,20058,M,ivanperisic444,"{'alpha2': 'HR', 'alpha3': 'HRV', 'name': 'Croatia', 'slug': 'croatia'}",38710,EUR,602380800,"{'value': 1200000, 'currency': 'EUR'}","{'nameTranslation': {'ar': 'إيفان بيريشيتش', 'bn': 'ইভান পেরিসিচ', 'hi': 'इवान पेरिसिच', 'ru': 'Иван Перишич'}, 'shortNameTranslation': {'ar': 'إ. بيريشيتش', 'bn': 'আই. পেরিসিচ', 'hi': 'आई. पेरिसिच', 'ru': 'И. Перишич'}}",4715,14,14,M,False,29.0,25.0,,,1.0,10.0,10.0,15.0,19.0,5.0,2.0,2.0,3.0,,,,,,,,90.0,47.0,6.7,13.0,0.165944,152.0448188146,19.0,36.946505090751,1.0,,"{'original': 6.7, 'alternative': 7.2}",0,,0.2,0.37,-0.19,,"{'sportSlug': 'football', 'statisticsType': 'player'}",6.0,2.0,4.0,5.0,1.0,,,2.0,2.0,,31.4,9.81,19.0,,1.37,0.49,0.35,,,,,,1.0,15.467622620829,15.639681102887,,,4.0,1.0,1.0,,,,,,,,,Croatia,,15186504,England,Croatia,4,2,"FIFA World Cup, Group L",World Cup 2026,Ended,1781726400
Petar Sučić,,,petar-sucic,P. Sučić,M,8,184,10213,M,6gwdzv,"{'alpha2': 'HR', 'alpha3': 'HRV', 'name': 'Croatia', 'slug': 'croatia'}",1091303,EUR,1067040000,"{'value': 44000000, 'currency': 'EUR'}","{'nameTranslation': {'ar': 'بيتار سوتشيتش', 'bn': 'পেটার সুসিক', 'hi': 'पेटर सुचिच', 'ru': 'Петар Сучич'}, 'shortNameTranslation': {'ar': 'ب. سوتشيتش', 'bn': 'পি. সুসিক', 'hi': 'पी. सुचिच', 'ru': 'П. Сучич'}}",4715,17,17,F,False,42.0,35.0,2.0,1.0,1.0,18.0,21.0,17.0,21.0,3.0,,5.0,2.0,1.0,,,,,,,90.0,52.0,6.7,12.0,0.0298308,208.90085347535,26.0,58.727184403144,2.0,,"{'original': 6.7, 'alternative': 6.9}",1,,0.08,0.22,0.5,,"{'sportSlug': 'football', 'statisticsType': 'player'}",,,,8.0,2.0,,,,2.0,0.0106,29.26,11.49,13.0,-0.11,1.77,0.64,0.18,,1.0,,,3.0,1.0,12.959151630258,24.171394971454,2.0,1.0,1.0,,,1.0,,,1.0,,,,,Croatia,,15186504,England,Croatia,4,2,"FIFA World Cup, Group L",World Cup 2026,Ended,1781726400
Martin Baturina,,,martin-baturina,M. Baturina,M,20,178,13650,M,martinbaturina,"{'alpha2': 'HR', 'alpha3': 'HRV', 'name': 'Croatia', 'slug': 'croatia'}",1090019,EUR,1045353600,"{'value': 28000000, 'currency': 'EUR'}","{'nameTranslation': {'ar': 'مارتن باتورينا', 'bn': 'মার্টিন বাতুরিনা', 'hi': 'मार्टिन बतुरिना', 'ru': 'Мартин Батурина'}, 'shortNameTranslation': {'ar': 'م. باتورينا', 'bn': 'এম. বাতুরিনা', 'hi': 'एम. बतुरिना', 'ru': 'М. Батурина'}}",4715,16,16,F,False,32.0,25.0,3.0,2.0,0.0,8.0,11.0,17.0,21.0,6.0,,3.0,2.0,2.0,,,,,,,78.0,41.0,7.9,10.0,0.0898652,120.23786869769,20.0,6.5799050250342,0.0,,"{'original': 7.9, 'alternative': 7.5}",1,,-0.11,0.11,-0.02,,"{'sportSlug': 'football', 'statisticsType': 'player'}",,2.0,2.0,3.0,2.0,,,,,0.0434,31.23,8.62,4.0,0.51,1.51,0.32,0.07,,,1.0,0.0526,,1.0,,,,1.0,1.0,,,1.0,,1.0,,,,,,Croatia,,15186504,England,Croatia,4,2,"FIFA World Cup, Group L",World Cup 2026,Ended,1781726400
Petar Musa,Petar,Musa,petar-musa,P. Musa,F,9,190,7315,M,g6avgi,"{'alpha2': 'HR', 'alpha3': 'HRV', 'name': 'Croatia', 'slug': 'croatia'}",827668,EUR,888969600,"{'value': 13000000, 'currency': 'EUR'}","{'nameTranslation': {'ar': 'بيتار موسا', 'bn': 'পেটার মূসা', 'hi': 'पेटर मूसा', 'ru': 'Петар Муса'}, 'shortNameTranslation': {'ar': 'ب. موسا', 'bn': 'পি. মুসা', 'hi': 'पी. मूसा', 'ru': 'П. Муса'}}",4715,26,26,F,False,8.0,3.0,,,0.0,2.0,2.0,1.0,6.0,5.0,1.0,,2.0,1.0,,,,,,,66.0,17.0,7.4,8.0,0.00010992,,,,,,"{'original': 7.4, 'alternative': 7.1}",1,,0.01,-0.53,0.17,,"{'sportSlug': 'football', 'statisticsType': 'player'}",,6.0,3.0,7.0,,,,,1.0,0.1425,29.48,6.9,5.0,0.48,1.02,0.27,0.07,,,1.0,0.1108,,1.0,,,,,,,,,,1.0,,,,,,Croatia,,15186504,England,Croatia,4,2,"FIFA World Cup, Group L",World Cup 2026,Ended,1781726400
Mateo Kovačić,,,mateo-kovacic,M. Kovačić,M,8,178,37571,M,Kova8,"{'alpha2': 'HR', 'alpha3': 'HRV', 'name': 'Croatia', 'slug': 'croatia'}",136710,EUR,768182400,"{'value': 9700000, 'currency': 'EUR'}","{'nameTranslation': {'ar': 'ماتيو كوفاتشيتش', 'bn': 'মাতেও কোভাসিক', 'hi': 'माटेओ कोवासिक', 'ru': 'Матео Ковачич'}, 'shortNameTranslation': {'ar': 'م. كوفاتشيتش', 'bn': 'এম. কোভাসিচ', 'hi': 'एम. कोवासिक', 'ru': 'М. Ковачич'}}",4715,8,8,M,True,30.0,30.0,1.0,1.0,0.0,14.0,14.0,16.0,16.0,3.0,,1.0,2.0,2.0,,,,,,,32.0,37.0,7.0,2.0,0.0243178,99.102241721932,11.0,30.683460263876,0.0,,"{'original': 7, 'alternative': 6.9}",1,,0.26,0.06,-0.02,,"{'sportSlug': 'football', 'statisticsType': 'player'}",,,,1.0,,,,1.0,1.0,0.0382,26.68,4.19,3.0,0.01,0.56,0.11,0.02,,,1.0,0.1306,,1.0,,,,,,,,1.0,,,,,,,,Croatia,,15186504,England,Croatia,4,2,"FIFA World Cup, Group L",World Cup 2026,Ended,1781726400
Marco Pašalić,Marco,Pasalic,marco-pasalic,M. Pašalić,M,87,177,4881,M,n5fmzn,"{'alpha2': 'HR', 'alpha3': 'HRV', 'name': 'Croatia', 'slug': 'croatia'}",1066802,EUR,968889600,"{'value': 7100000, 'currency': 'EUR'}","{'nameTranslation': {'ar': 'ماركو باشاليتش', 'bn': 'মার্কো পাশালিচ', 'hi': 'मार्को पासालिक', 'ru': 'Марко Пашалич'}, 'shortNameTranslation': {'ar': 'م. باشاليتش', 'bn': 'এম. পাশালিচ', 'hi': 'एम. पासालिक', 'ru': 'М. Пашалич'}}",4715,24,24,F,True,10.0,6.0,,,0.0,1.0,3.0,5.0,7.0,1.0,1.0,2.0,,,,,,,,,24.0,17.0,6.6,8.0,0.0106435,98.188383089377,9.0,62.451570880009,3.0,,"{'original': 6.6, 'alternative': 6.7}",1,,-0.06,0.27,0.18,,"{'sportSlug': 'football', 'statisticsType': 'player'}",2.0,,,2.0,,,,,,0.0578,32.07,8.1,8.0,-0.13,1.09,0.45,0.18,,,1.0,0.0456,,1.0,12.186766969848,42.677637863977,2.0,,,,,1.0,,,,,,,1.0,Croatia,,15186504,England,Croatia,4,2,"FIFA World Cup, Group L",World Cup 2026,Ended,1781726400
Igor Matanović,,,igor-matanovic,I. Matanović,F,31,197,4676,M,b79y3g,"{'alpha2': 'HR', 'alpha3': 'HRV', 'name': 'Croatia', 'slug': 'croatia'}",1019321,EUR,1049068800,"{'value': 21000000, 'currency': 'EUR'}","{'nameTranslation': {'ar': 'إيغور ماتانوفيتش', 'bn': 'ইগর মাতানোভিচ', 'hi': 'इगोर मतानोविक', 'ru': 'Игорь Матанович'}, 'shortNameTranslation': {'ar': 'إ. ماتانوفيتش', 'bn': 'আই. মাতানোভিচ', 'hi': 'आई. मतानोविक', 'ru': 'И. Матанович'}}",4715,20,20,F,True,1.0,,,,0.0,,,,1.0,2.0,,,2.0,1.0,,,,,,,24.0,6.0,6.5,3.0,,23.243207093687,1.0,16.663834834923,1.0,,"{'original': 6.5, 'alternative': 6.7}",1,,-0.03,0.07,-0.01,,"{'sportSlug': 'football', 'statisticsType': 'player'}",,1.0,1.0,3.0,,,,,2.0,0.015,30.45,3.17,4.0,-0.03,0.42,0.11,0.05,,,1.0,0.1708,,,16.663834834923,23.243207093687,,,,,,,,,,,,,,Croatia,,15186504,England,Croatia,4,2,"FIFA World Cup, Group L",World Cup 2026,Ended,1781726400
Nikola Vlašić,,,nikola-vlasic,N. Vlašić,M,10,178,6196,M,niksivlasic_,"{'alpha2': 'HR', 'alpha3': 'HRV', 'name': 'Croatia', 'slug': 'croatia'}",357596,EUR,875923200,"{'value': 10300000, 'currency': 'EUR'}","{'nameTranslation': {'ar': 'نيكولا فلاشيتش', 'bn': 'নিকোলা ভ্লাসিচ', 'hi': 'निकोला व्लासिक', 'ru': 'Никола Влашич'}, 'shortNameTranslation': {'ar': 'ن. فلاشيتش', 'bn': 'এন. ভ্লাসিচ', 'hi': 'एन. व्लासिक', 'ru': 'Н. Влашич'}}",4715,13,13,M,True,4.0,2.0,,,0.0,1.0,1.0,1.0,3.0,,,,,,,,,,,,12.0,6.0,6.3,3.0,0.00054383,11.121711897386,2.0,5.6331060291853,0.0,,"{'original': 6.3, 'alternative': 6.4}",0,,-0.09,0.0,-0.07,,"{'sportSlug': 'football', 'statisticsType': 'player'}",1.0,,,1.0,,,,1.0,1.0,,31.17,2.21,6.0,,0.3,0.14,0.15,,,,,,,,,,,,,,,,,,,,,,Croatia,,15186504,England,Croatia,4,2,"FIFA World Cup, Group L",World Cup 2026,Ended,1781726400
Andrej Kramarić,,,andrej-kramaric,A. Kramarić,F,27,177,8666,M,andrejkramaric,"{'alpha2': 'HR', 'alpha3': 'HRV', 'name': 'Croatia', 'slug': 'croatia'}",67647,EUR,677289600,"{'value': 2700000, 'currency': 'EUR'}","{'nameTranslation': {'ar': 'أندري كراماريتش', 'bn': 'আন্দ্রেজ ক্রামরিক', 'hi': 'आंद्रेज क्रामारिक', 'ru': 'Андрей Крамарич'}, 'shortNameTranslation': {'ar': 'أ. كراماريتش', 'bn': 'এ. ক্রামারিচ', 'hi': 'ए. क्रामारिक', 'ru': 'А. Крамарич'}}",4715,9,9,F,True,10.0,10.0,,,0.0,5.0,5.0,5.0,5.0,,,1.0,1.0,,,,,,,,12.0,14.0,6.5,3.0,0.00860357,16.379960141958,3.0,1.4528059523398,0.0,,"{'original': 6.5, 'alternative': 6.5}",1,,-0.07,0.0,-0.01,,"{'sportSlug': 'football', 'statisticsType': 'player'}",2.0,,,,,1.0,,,,0.0073,27.54,2.22,1.0,-0.03,0.37,0.12,0.01,,,,,,,,,,,,,,,,,,,,,,Croatia,,15186504,England,Croatia,4,2,"FIFA World Cup, Group L",World Cup 2026,Ended,1781726400
Dominik Kotarski,Dominik,Kotarski,dominik-kotarski,D. Kotarski,G,1,188,2762,M,pb9s87,"{'alpha2': 'HR', 'alpha3': 'HRV', 'name': 'Croatia', 'slug': 'croatia'}",835678,EUR,950140800,"{'value': 4800000, 'currency': 'EUR'}","{'nameTranslation': {'ar': 'دومينيك كوتارسكي', 'bn': 'ডমিনিক কোটারস্কি', 'hi': 'डोमिनिक कोटार्स्की', 'ru': 'Доминик Котарски'}, 'shortNameTranslation': {'ar': 'د. كوتارسكي', 'bn': 'ডি. কোটারস্কি', 'hi': 'डी. कोटार्स्की', 'ru': 'Д. Котарски'}}",4715,23,23,G,True,,,,,,,,,,,,,,,,,,,,,,,,,,,,,,,,0,,,,,,"{'sportSlug': 'football', 'statisticsType': 'player'}",,,,,,,,,,,,,,,,,,,,,,,,,,,,,,,,,,,,,,,Croatia,,15186504,England,Croatia,4,2,"FIFA World Cup, Group L",World Cup 2026,Ended,1781726400
Ivor Pandur,Ivor,Pandur,ivor-pandur,I. Pandur,G,1,187,1167,M,ekw4fs,"{'alpha2': 'HR', 'alpha3': 'HRV', 'name': 'Croatia', 'slug': 'croatia'}",943212,EUR,953942400,"{'value': 4800000, 'currency': 'EUR'}","{'nameTranslation': {'ar': 'إيفور باندور', 'bn': 'পান্ডুর আইভরি', 'hi': 'आइवर पांडुर', 'ru': 'Ивор Пандур'}, 'shortNameTranslation': {'ar': 'إ. باندور', 'bn': 'আই. পান্ডুর', 'hi': 'आई. पांडुर', 'ru': 'И. Пандур'}}",4715,12,12,G,True,,,,,,,,,,,,,,,,,,,,,,,,,,,,,,,,0,,,,,,"{'sportSlug': 'football', 'statisticsType': 'player'}",,,,,,,,,,,,,,,,,,,,,,,,,,,,,,,,,,,,,,,Croatia,,15186504,England,Croatia,4,2,"FIFA World Cup, Group L",World Cup 2026,Ended,1781726400
Duje Ćaleta-Car,,,duje-caleta-car,D. Ćaleta-Car,D,55,192,3413,M,j5245r,"{'alpha2': 'HR', 'alpha3': 'HRV', 'name': 'Croatia', 'slug': 'croatia'}",257091,EUR,842918400,"{'value': 2900000, 'currency': 'EUR'}","{'nameTranslation': {'ar': 'دويي تشاليتا تسار', 'bn': 'দুই শ্যালেটা-কার', 'hi': 'दूजे कालता-कार', 'ru': 'Дуе Чалета-Цар'}, 'shortNameTranslation': {'ar': 'د. تشاليتا تسار', 'bn': 'ডি. শ্যালেটা-কার', 'hi': 'डी. कालता-कार', 'ru': 'Д. Чалета-Цар'}}",4715,5,5,D,True,,,,,,,,,,,,,,,,,,,,,,,,,,,,,,,,0,,,,,,"{'sportSlug': 'football', 'statisticsType': 'player'}",,,,,,,,,,,,,,,,,,,,,,,,,,,,,,,,,,,,,,,Croatia,,15186504,England,Croatia,4,2,"FIFA World Cup, Group L",World Cup 2026,Ended,1781726400
Marin Pongračić,Marin,Pongracic,marin-pongracic,M. Pongračić,D,5,193,3099,M,vr4kcs,"{'alpha2': 'HR', 'alpha3': 'HRV', 'name': 'Croatia', 'slug': 'croatia'}",847467,EUR,873936000,"{'value': 5900000, 'currency': 'EUR'}","{'nameTranslation': {'ar': 'مارين بونغراتشيتش', 'bn': 'মারিন পোংরাসিচ', 'hi': 'मारिन पोंग्रासिक', 'ru': 'Марин Понграчич'}, 'shortNameTranslation': {'ar': 'م. بونغراتشيتش', 'bn': 'এম. পোংরাসিচ', 'hi': 'एम. पोंग्रासिक', 'ru': 'М. Понграчич'}}",4715,3,3,D,True,,,,,,,,,,,,,,,,,,,,,,,,,,,,,,,,0,,,,,,"{'sportSlug': 'football', 'statisticsType': 'player'}",,,,,,,,,,,,,,,,,,,,,,,,,,,,,,,,,,,,,,,Croatia,,15186504,England,Croatia,4,2,"FIFA World Cup, Group L",World Cup 2026,Ended,1781726400
Martin Erlić,Martin,Erlic,martin-erlic,M. Erlić,D,6,192,2323,M,nvh7bx,"{'alpha2': 'HR', 'alpha3': 'HRV', 'name': 'Croatia', 'slug': 'croatia'}",789234,EUR,885600000,"{'value': 3800000, 'currency': 'EUR'}","{'nameTranslation': {'ar': 'مارتن إيرليتش', 'bn': 'মার্টিন এরলিচ', 'hi': 'मार्टिन एर्लिक', 'ru': 'Мартин Эрлич'}, 'shortNameTranslation': {'ar': 'م. إيرليتش', 'bn': 'এম. এরলিচ', 'hi': 'एम. एर्लिक', 'ru': 'М. Эрлич'}}",4715,25,25,D,True,,,,,,,,,,,,,,,,,,,,,,,,,,,,,,,,0,,,,,,"{'sportSlug': 'football', 'statisticsType': 'player'}",,,,,,,,,,,,,,,,,,,,,,,,,,,,,,,,,,,,,,,Croatia,,15186504,England,Croatia,4,2,"FIFA World Cup, Group L",World Cup 2026,Ended,1781726400
Kristijan Jakić,Kristijan,Jakic,kristijan-jakic,K. Jakić,M,17,181,2553,M,wgypmk,"{'alpha2': 'HR', 'alpha3': 'HRV', 'name': 'Croatia', 'slug': 'croatia'}",796206,EUR,863568000,"{'value': 5600000, 'currency': 'EUR'}","{'nameTranslation': {'ar': 'كريستيان ياكيتش', 'bn': 'ক্রিস্টিজান জাকিচ', 'hi': 'क्रिस्टियान जाकिच', 'ru': 'Кристиян Якич'}, 'shortNameTranslation': {'ar': 'ك. ياكيتش', 'bn': 'কে. জাকিচ', 'hi': 'के. जाकिच', 'ru': 'К. Якич'}}",4715,18,18,M,True,,,,,,,,,,,,,,,,,,,,,,,,,,,,,,,,0,,,,,,"{'sportSlug': 'football', 'statisticsType': 'player'}",,,,,,,,,,,,,,,,,,,,,,,,,,,,,,,,,,,,,,,Croatia,,15186504,England,Croatia,4,2,"FIFA World Cup, Group L",World Cup 2026,Ended,1781726400
Luka Sučić,Luka,Sucic,luka-sucic,L. Sučić,M,24,185,7084,M,luka_sucic,"{'alpha2': 'HR', 'alpha3': 'HRV', 'name': 'Croatia', 'slug': 'croatia'}",949156,EUR,1031443200,"{'value': 10900000, 'currency': 'EUR'}","{'nameTranslation': {'ar': 'لوكا سوتشيتش', 'bn': 'লুকা সুচিচ', 'hi': 'लुका सुचिच', 'ru': 'Лука Сучич'}, 'shortNameTranslation': {'ar': 'ل. سوتشيتش', 'bn': 'এল. সুচিচ', 'hi': 'एल. सुचिच', 'ru': 'Л. Сучич'}}",4715,21,21,M,True,,,,,,,,,,,,,,,,,,,,,,,,,,,,,,,,0,,,,,,"{'sportSlug': 'football', 'statisticsType': 'player'}",,,,,,,,,,,,,,,,,,,,,,,,,,,,,,,,,,,,,,,Croatia,,15186504,England,Croatia,4,2,"FIFA World Cup, Group L",World Cup 2026,Ended,1781726400
Nikola Moro,Nikola,Moro,nikola-moro,N. Moro,M,6,182,2928,M,rwfj9m,"{'alpha2': 'HR', 'alpha3': 'HRV', 'name': 'Croatia', 'slug': 'croatia'}",814882,EUR,889660800,"{'value': 7200000, 'currency': 'EUR'}","{'nameTranslation': {'ar': 'نيكولا مورو', 'bn': 'নিকোলা মোরো', 'hi': 'निकोला मोरो', 'ru': 'Никола Моро'}, 'shortNameTranslation': {'ar': 'ن. مورو', 'bn': 'এন. মোরো', 'hi': 'एन. मोरो', 'ru': 'Н. Моро'}}",4715,7,7,M,True,,,,,,,,,,,,,,,,,,,,,,,,,,,,,,,,0,,,,,,"{'sportSlug': 'football', 'statisticsType': 'player'}",,,,,,,,,,,,,,,,,,,,,,,,,,,,,,,,,,,,,,,Croatia,,15186504,England,Croatia,4,2,"FIFA World Cup, Group L",World Cup 2026,Ended,1781726400
Toni Fruk,Toni,Fruk,toni-fruk,T. Fruk,M,10,178,3638,M,xxr29t,"{'alpha2': 'HR', 'alpha3': 'HRV', 'name': 'Croatia', 'slug': 'croatia'}",916183,EUR,984096000,"{'value': 9600000, 'currency': 'EUR'}","{'nameTranslation': {'ar': 'توني فروك', 'bn': 'টনি ফ্রুক', 'hi': 'टोनी फ्रुक', 'ru': 'Тони Фрук'}, 'shortNameTranslation': {'ar': 'ت. فروك', 'bn': 'টি. ফ্রুক', 'hi': 'टी. फ्रुक', 'ru': 'Т. Фрук'}}",4715,19,19,M,True,,,,,,,,,,,,,,,,,,,,,,,,,,,,,,,,0,,,,,,"{'sportSlug': 'football', 'statisticsType': 'player'}",,,,,,,,,,,,,,,,,,,,,,,,,,,,,,,,,,,,,,,Croatia,,15186504,England,Croatia,4,2,"FIFA World Cup, Group L",World Cup 2026,Ended,1781726400
Ante Budimir,,,ante-budimir,A. Budimir,F,17,190,11016,M,budimir_ante,"{'alpha2': 'HR', 'alpha3': 'HRV', 'name': 'Croatia', 'slug': 'croatia'}",37318,EUR,680140800,"{'value': 2600000, 'currency': 'EUR'}","{'nameTranslation': {'ar': 'أنتي بوديمير', 'bn': 'আন্তে বুদিমির', 'hi': 'अन्ते बुदिमीर', 'ru': 'Анте Будимир'}, 'shortNameTranslation': {'ar': 'أ. بوديمير', 'bn': 'এ. বুদিমির', 'hi': 'ए. बुदिमीर', 'ru': 'А. Будимир'}}",4715,11,11,F,True,,,,,,,,,,,,,,,,,,,,,,,,,,,,,,,,0,,,,,,"{'sportSlug': 'football', 'statisticsType': 'player'}",,,,,,,,,,,,,,,,,,,,,,,,,,,,,,,,,,,,,,,Croatia,,15186504,England,Croatia,4,2,"FIFA World Cup, Group L",World Cup 2026,Ended,1781726400
